from,to
2,3
3,2
5,6
6,5
6,7
7,6
7,8
8,7
9,10
10,9
11,12
12,11
12,13
13,12
13,14
14,13
14,15
15,14
15,16
16,15
17,18
18,17
18,19
19,18
19,20
20,19
13,20
20,13
21,22
22,21
22,23
23,22
23,24
24,23
17,27
27,17
27,28
28,27
28,29
29,28
29,30
30,29
30,31
31,30
31,32
32,31
33,34
34,33
34,35
35,34
35,36
36,35
36,37
37,36
38,39
39,38
39,40
40,39
40,41
41,40
41,42
42,41
44,45
45,44
45,46
46,45
46,47
47,46
47,48
48,47
48,49
49,48
49,50
50,49
56,57
57,56
57,58
58,57
58,59
59,58
61,62
62,61
62,63
63,62
66,67
67,66
67,68
68,67
68,70
70,68
54,71
71,54
71,72
72,71
72,73
73,72
68,73
73,68
70,74
74,70
74,75
75,74
76,94
94,76
96,97
97,96
97,98
98,97
98,99
99,98
99,100
100,99
100,101
101,100
101,102
102,101
102,103
103,102
99,104
104,99
105,106
106,105
96,106
106,96
103,107
107,103
107,108
108,107
108,109
109,108
109,110
110,109
110,111
111,110
111,112
112,111
112,113
113,112
108,115
115,108
115,116
116,115
116,117
117,116
117,118
118,117
118,119
119,118
120,121
121,120
121,122
122,121
123,124
124,123
124,125
125,124
126,127
127,126
127,128
128,127
128,129
129,128
129,130
130,129
130,131
131,130
131,132
132,131
132,133
133,132
133,134
134,133
133,135
135,133
135,136
136,135
136,137
137,136
138,139
139,138
139,140
140,139
140,141
141,140
123,142
142,123
153,154
154,153
154,155
155,154
155,156
156,155
156,157
157,156
9,157
157,9
162,163
163,162
163,164
164,163
164,165
165,164
165,166
166,165
166,167
167,166
168,169
169,168
169,170
170,169
172,173
173,172
173,174
174,173
177,178
178,177
178,179
179,178
181,182
182,181
183,184
184,183
186,187
187,186
187,188
188,187
188,189
189,188
189,190
190,189
195,196
196,195
196,197
197,196
199,200
200,199
200,201
201,200
201,202
202,201
202,203
203,202
197,203
203,197
204,205
205,204
205,206
206,205
207,208
208,207
208,209
209,208
208,210
210,208
210,211
211,210
211,212
212,211
214,215
215,214
215,216
216,215
219,220
220,219
220,221
221,220
222,223
223,222
224,225
225,224
225,226
226,225
226,227
227,226
227,228
228,227
236,237
237,236
224,238
238,224
240,241
241,240
241,242
242,241
242,243
243,242
243,244
244,243
244,245
245,244
245,246
246,245
247,248
248,247
248,249
249,248
249,250
250,249
250,251
251,250
251,252
252,251
252,253
253,252
255,256
256,255
256,257
257,256
247,257
257,247
253,258
258,253
258,259
259,258
260,261
261,260
261,262
262,261
262,264
264,262
265,266
266,265
266,267
267,266
270,271
271,270
279,280
280,279
279,281
281,279
281,282
282,281
282,283
283,282
280,285
285,280
285,286
286,285
286,287
287,286
287,288
288,287
292,293
293,292
293,294
294,293
294,295
295,294
246,302
302,246
303,304
304,303
304,305
305,304
305,306
306,305
306,307
307,306
309,310
310,309
299,317
317,299
324,325
325,324
325,326
326,325
326,327
327,326
327,328
328,327
328,329
329,328
137,329
329,137
301,332
332,301
335,336
336,335
179,336
336,179
338,339
339,338
339,340
340,339
340,341
341,340
341,342
342,341
342,343
343,342
343,344
344,343
345,346
346,345
346,347
347,346
347,348
348,347
338,348
348,338
344,349
349,344
349,350
350,349
259,352
352,259
352,353
353,352
353,354
354,353
355,356
356,355
206,358
358,206
359,360
360,359
360,361
361,360
361,362
362,361
363,364
364,363
364,365
365,364
367,368
368,367
122,368
368,122
369,370
370,369
370,371
371,370
371,372
372,371
373,374
374,373
374,375
375,374
375,376
376,375
376,377
377,376
377,378
378,377
378,379
379,378
379,380
380,379
380,381
381,380
381,382
382,381
383,384
384,383
384,385
385,384
385,386
386,385
386,387
387,386
387,388
388,387
388,389
389,388
389,390
390,389
390,391
391,390
391,392
392,391
394,395
395,394
396,397
397,396
397,398
398,397
398,399
399,398
399,400
400,399
403,404
404,403
404,405
405,404
407,408
408,407
408,409
409,408
410,411
411,410
411,412
412,411
410,414
414,410
414,415
415,414
415,416
416,415
416,417
417,416
416,418
418,416
417,419
419,417
419,420
420,419
422,423
423,422
418,423
423,418
422,424
424,422
424,425
425,424
425,426
426,425
426,427
427,426
427,428
428,427
428,429
429,428
422,430
430,422
433,434
434,433
436,437
437,436
437,438
438,437
438,439
439,438
439,440
440,439
357,440
440,357
441,442
442,441
442,443
443,442
443,444
444,443
447,448
448,447
448,449
449,448
449,450
450,449
450,451
451,450
453,454
454,453
454,455
455,454
455,456
456,455
456,457
457,456
457,458
458,457
458,459
459,458
458,460
460,458
461,462
462,461
462,463
463,462
459,466
466,459
459,467
467,459
463,468
468,463
468,470
470,468
470,471
471,470
466,472
472,466
480,481
481,480
481,482
482,481
482,483
483,482
483,484
484,483
486,487
487,486
487,488
488,487
488,489
489,488
467,496
496,467
496,497
497,496
497,498
498,497
501,502
502,501
502,503
503,502
503,504
504,503
504,505
505,504
505,506
506,505
508,509
509,508
509,510
510,509
511,512
512,511
512,513
513,512
513,514
514,513
514,515
515,514
515,516
516,515
516,517
517,516
405,517
517,405
518,519
519,518
519,520
520,519
520,521
521,520
521,522
522,521
522,523
523,522
38,527
527,38
527,528
528,527
528,529
529,528
529,529
529,529
318,531
531,318
531,532
532,531
532,533
533,532
533,534
534,533
222,534
534,222
502,535
535,502
535,536
536,535
536,537
537,536
537,538
538,537
538,539
539,538
539,540
540,539
540,541
541,540
307,543
543,307
543,544
544,543
305,545
545,305
545,546
546,545
546,547
547,546
550,551
551,550
550,552
552,550
552,553
553,552
556,557
557,556
557,558
558,557
434,559
559,434
562,563
563,562
563,564
564,563
566,567
567,566
567,568
568,567
570,571
571,570
571,572
572,571
573,574
574,573
574,575
575,574
575,576
576,575
576,577
577,576
382,577
577,382
578,579
579,578
579,580
580,579
580,581
581,580
566,581
581,566
510,582
582,510
582,583
583,582
583,584
584,583
209,586
586,209
586,587
587,586
587,588
588,587
593,594
594,593
594,595
595,594
580,600
600,580
600,601
601,600
601,602
602,601
602,603
603,602
603,604
604,603
604,605
605,604
605,606
606,605
606,607
607,606
607,608
608,607
608,609
609,608
472,610
610,472
610,611
611,610
471,611
611,471
408,612
612,408
612,613
613,612
395,615
615,395
615,616
616,615
396,616
616,396
618,619
619,618
393,619
619,393
620,621
621,620
622,623
623,622
623,624
624,623
624,625
625,624
628,629
629,628
629,630
630,629
630,631
631,630
632,633
633,632
633,634
634,633
634,635
635,634
636,637
637,636
637,638
638,637
638,639
639,638
639,640
640,639
640,641
641,640
641,642
642,641
642,643
643,642
643,644
644,643
644,645
645,644
645,646
646,645
646,647
647,646
635,648
648,635
648,649
649,648
642,649
649,642
653,654
654,653
654,655
655,654
655,656
656,655
656,657
657,656
657,658
658,657
660,661
661,660
661,662
662,661
664,665
665,664
665,666
666,665
666,667
667,666
677,678
678,677
680,681
681,680
681,682
682,681
682,683
683,682
636,683
683,636
685,686
686,685
686,687
687,686
693,694
694,693
694,696
696,694
694,697
697,694
703,704
704,703
704,705
705,704
705,706
706,705
707,708
708,707
708,709
709,708
709,710
710,709
710,711
711,710
711,712
712,711
715,716
716,715
716,717
717,716
717,718
718,717
718,719
719,718
720,721
721,720
721,722
722,721
722,723
723,722
723,724
724,723
726,727
727,726
727,728
728,727
728,729
729,728
729,730
730,729
730,731
731,730
731,732
732,731
736,737
737,736
737,738
738,737
738,739
739,738
741,742
742,741
742,743
743,742
743,744
744,743
744,745
745,744
748,749
749,748
749,750
750,749
750,751
751,750
751,752
752,751
752,753
753,752
758,759
759,758
759,760
760,759
763,764
764,763
764,765
765,764
765,766
766,765
769,770
770,769
770,771
771,770
771,772
772,771
772,773
773,772
777,778
778,777
778,779
779,778
779,780
780,779
780,781
781,780
781,782
782,781
782,783
783,782
720,785
785,720
785,786
786,785
786,787
787,786
787,788
788,787
788,789
789,788
723,791
791,723
793,794
794,793
794,795
795,794
795,796
796,795
719,800
800,719
908,706
706,908
908,105
105,908
906,104
104,906
620,119
119,620
620,125
125,620
120,125
125,120
367,918
918,367
632,918
918,632
647,911
911,647
324,911
911,324
134,913
913,134
741,913
913,741
126,915
915,126
369,917
917,369
372,745
745,372
628,910
910,628
631,703
703,631
904,37
37,904
10,33
33,10
11,33
33,11
8,13
13,8
20,900
900,20
32,899
899,32
16,562
562,16
5,3
3,5
21,3
3,21
24,901
901,24
903,564
564,903
556,578
578,556
566,922
922,566
680,922
922,680
940,609
609,940
940,658
658,940
174,651
651,174
653,651
651,653
660,158
158,660
168,158
158,168
168,159
159,168
170,172
172,170
162,159
159,162
167,931
931,167
920,392
392,920
920,662
662,920
558,383
383,558
921,558
558,921
573,923
923,573
508,573
573,508
508,572
572,508
570,568
568,570
584,928
928,584
141,929
929,141
138,664
664,138
927,667
667,927
927,373
373,927
197,204
204,197
358,186
186,358
193,585
585,193
193,195
195,193
219,585
585,219
847,190
190,847
199,846
846,199
851,588
588,851
25,902
902,25
25,2
2,25
943,724
724,943
516,843
843,516
844,777
777,844
403,844
844,403
221,212
212,221
212,214
214,212
207,758
758,207
591,837
837,591
755,837
837,755
760,837
837,760
591,520
520,591
753,755
755,753
501,832
832,501
669,832
832,669
669,677
677,669
800,541
541,800
834,541
541,834
715,849
849,715
715,216
216,715
200,732
732,200
748,309
309,748
407,845
845,407
789,845
845,789
513,841
841,513
827,547
547,827
303,309
309,303
824,310
310,824
317,310
310,317
299,295
295,299
819,295
295,819
290,292
292,290
290,678
678,290
525,833
833,525
506,833
833,506
525,523
523,525
817,240
240,817
817,618
618,817
303,318
318,303
532,826
826,532
293,944
944,293
302,944
944,302
301,944
944,301
818,332
332,818
393,394
394,393
937,616
616,937
400,936
936,400
181,936
936,181
182,183
183,182
935,184
184,935
935,707
707,935
712,934
934,712
335,934
934,335
177,933
933,177
233,236
236,233
223,228
228,223
233,223
223,233
791,942
942,791
783,791
791,783
113,905
905,113
150,142
142,150
150,153
153,150
595,829
829,595
593,697
697,593
696,805
805,696
42,805
805,42
687,690
690,687
693,690
690,693
362,685
685,362
830,359
359,830
529,44
44,529
804,44
44,804
53,54
54,53
50,53
53,50
809,53
53,809
809,796
796,809
49,810
810,49
66,622
622,66
68,811
811,68
625,807
807,625
813,94
94,813
75,76
76,75
75,77
77,75
80,77
77,80
80,83
83,80
86,83
83,86
86,89
89,86
92,89
89,92
92,345
345,92
338,814
814,338
815,350
350,815
363,793
793,363
56,855
855,56
700,855
855,700
856,598
598,856
56,598
598,56
700,365
365,700
59,802
802,59
853,802
802,853
853,61
61,853
64,63
63,64
64,852
852,64
854,57
57,854
895,412
412,895
894,415
415,894
420,896
896,420
430,893
893,430
429,891
891,429
436,885
885,436
357,356
356,357
355,354
354,355
883,259
259,883
882,249
249,882
255,880
880,255
736,880
880,736
433,739
739,433
888,559
559,888
879,444
444,879
260,441
441,260
878,262
262,878
264,550
550,264
877,553
553,877
551,773
773,551
872,451
451,872
872,769
769,872
447,871
871,447
267,873
873,267
460,461
461,460
460,867
867,460
468,870
870,468
472,868
868,472
459,866
866,459
498,865
865,498
475,480
480,475
475,864
864,475
484,487
487,484
486,863
863,486
270,489
489,270
274,271
271,274
279,274
274,279
283,861
861,283
288,860
860,288
766,860
860,766
494,492
492,494
763,492
492,763
941,494
494,941
